Movie-name, Quality
Shadow,HD-720
The-Quake,HD-720
Canaries,HD-720
A-Haunting-on-Finn-Road:-The-Devil's-Grove,SD
Mary-Poppins-Returns,SD
Oprah-Winfrey-Presents:-After-Neverland,HD-720
Between-the-Trees,HD-RIP
Something,HD-RIP
American-Kamasutra,HD-720
The-Lears,HD-720
Chronicle-Mysteries:-Vines-that-Bind,HD-720
Tangent-Room,HD-Rip
Kiss-Kiss,HD-720
The-Hard-Way,HD-720
At-the-End-of-the-Day,HD-Rip
What-Lies-Ahead,HD-Rip
30-Miles-from-Nowhere,HD-720
Devil's-Path,HD-720
The-Witch:-Part-1---The-Subversion,HD-720
A-Madea-Family-Funeral,CAM
Among-the-Shadows,HD-720
The-Killer-Downstairs,HD-720
The-Abused,HD-Rip
The-Surrogate,HD-Rip
Viking-Blood,HD-720
Aquaman,HD-720
If-Beale-Street-Could-Talk,HD-720
Just-Add-Romance,HD-720
911:-Officer-Down,HD-Rip
Budapest,HD-720
Fighting-with-My-Family,HD-TS
UFC-235:-Jones-vs.-Smith,HDTV
The-Protector,HD-720
The-Blackwell-Ghost-2,HD-Rip
A-Cat-with-a-Dog,HD-Rip
Journey-to-the-Forbidden-Valley,HD-720
Saint-Nicholas,HD-720
Living-Space,HD-Rip
Pretty-Broken,HD-Rip
Stray-(2019),HD-720
Pretty-Broken,HD-Rip
Stray-(2019),HD-720
The-Conductor,HD-720
Last-Sunrise,HD-720
We-Die-Young,HD-720
Level-16,HD-720
The-Boy-Who-Harnessed-the-Wind,HD-720
Mind-Ripper,HD-Rip
Full-Eclipse,SD
Red-Water,SD
Write-When-You-Get-Work,HD-Rip
Instant-Family,HD-720
Hangover-in-Death-Valley,HD-Rip
A.I.-Rising,SD
Over-Drive,HD-720
Bullitt-County,HD-720
High-Society-(2018),HD-720
Message-Man,HD-720
Varsity-Punks,HD-720
Abnormal-Attraction,HD-720
The-Gown,HD-Rip
Somos-Calentura:-We-Are-The-Heat,HD-720
Love-Shot,HD-720
Holiday-(2018),HD-720
College-Dating-App,HD-Rip
It's-a-Hard-Truth-Ain't-It,HD-Rip
Mojin:-The-Worm-Valley,HD-720
Peterloo,HD-720
Isn't-It-Romantic,HD-720
Skin,HD-720
Beach-House,HD-720
The-Oscars-(2019),HD-720
The-Dwarves-of-Demrel,HD-RIP
Garage-Sale-Mysteries:-Murder-In-D-Minor,HD-RIP
Whoâ€™s-Stalking-Me?,HD-720
Bullies,HD-720
The-Chronicle-Mysteries:-The-Wrong-Man,HD-720
Atone,HD-720
Instakiller,HDRip
Emma-Fielding:-More-Bitter-Than-Death,HDRip
Chang-gwol,HD-720
Escape-Artist,SD
Long-Day's-Journey-Into-Night,HD-720
Sense-of-Urgency,HD-720
Love-on-the-Menu,HD-720
Beverly-Hills-Ghost,HD-720
Laundry-Day,HD-Rip
Lost-in-Mobius,HD-Rip
O.G.,HD-Rip
Sink-or-Swim,HD-Rip
Skin-Creepers,HD-Rip
The-Drug-King,HD-720
7-uczuc,HDRip
Havana-Darkness,HD-720
Alita:-Battle-Angel,SD
In-Critical-Condition,HD-720
I-See-You,HD-720
The-Prodigy,HD-CAM
Deadly-Excursion,HD-720
Run-the-Race,CAM
Rampan,HD-720
Tone-Bell:-Can't-Cancel-This,HD-Rip
Dummycrats,HD-720
Glass,CAM
Trading-Paint,HD-720
Vox-Lux,HD-720
Paddleton,HD-720
Donnybrook,HD-720
1st-Summoning,HD-720
Second-Act,HD-720
Paris-Is-Us,HD-Rip
The-Viking-War,HD-Rip
Egg,HD-Rip
Lords-of-Chaos,HD-720
Mega-Time-Squad,HD-720
Mordene-i-Kongo,HD-720
The-Maestro,HD-720
Dirty-Dealing,HD-Rip
Toy-Gun,HD-720
Resolution-Song,HD-720
100-Vaginas,HD-720
Slaughterhouse-Rulez,HD-720
Stargate-Origins:-Catherine,HD-720
Deadly-Attraction,HD-720
Guns-of-the-Apocalypse,HD-720
The-Rainbow-Bridge-Motel,HD-Rip
Green-Book,HD-720
United-Skates,HD-Rip
Ben-Is-Back,HD-720
Spider-Man:-Into-the-Spider-Verse,HD-720
Captain-Morten-and-the-Spider-Queen,HD-720
Galaxy-Lords,HD-720
Hey--Mr.-Postman!,HD-720
Border,HD-720
Slapped-The-Movie,HD-720
Waldgeist,HD-720
Marvel-Rising:-Chasing-Ghosts,HD-720
A-Friend's-Obsession-(Lethal-Admirer),HD-720
Serenity,HD-720
Kursk,HD-720
A-Deadly-Romance,HD-720
24-Frames,HD-720
Dying-Embers,HD-Rip
Killer-Reputation,HD-Rip
ReMastered:-The-Two-Killings-of-Sam-Cooke,HD-Rip
Ryde-or-Die,HD-720
Nightshooters,HD-Rip
Goodland,HD-720
Love--Romance--&-Chocolate,HD-720
Mary-Queen-of-Scots,HD-720
The-Possession-of-Hannah-Grace,HD-720
One-Less-God,SD
What-Men-Want,HD-CAM
Crucible-of-the-Vampire,HD-Rip
Kim-Possible,HD-720
Deviant,HD-720
Bride-of-Scarecrow,SD
Clara,HD-Rip
Fantastic-Beasts:-The-Crimes-of-Grindelwald,HD-720
My-Little-Girl-Is-Gone-(Eve-of-Abduction),HD-720
The-Unseen-(2016),SD
The-Many-Lives-of-Nick-Buoniconti,HD-720
Happy-Death-Day-2U,CAM
Amityville:-Mt-Misery-Road,HD-Rip
On-Your-Wedding-Day,HD-720
Manbiki-kazoku,HD-720
Depth-Perception,HD-720
The-Tokoloshe,HD-720
Victoria-Gotti-My-Fathers-Daughter,HD-720
Tall-Tales-from-the-Magical-Garden-of-Antoon-Krings,HD-720
Betsy,HD-Rip
Fred,HD-Rip
Purgatory-Road,HD-RIP
London-Fields,HD-720
Under-the-Eiffel-Tower,HD-720
Belleville-Cop,HD-Rip
Stretch-Marks,HD-720
The-Tree-of-Blood,HD-720
Stay-Awesome--China!,HD-720
Gintama-2:-Okite-wa-yaburu-tame-ni-koso-aru,HD-720
Broken-Ghost,HD-Rip
Jackson-Bolt,HD-720
Wild-Honey-Pie,HD-720
The-Favourite,HD-720
Creed-II,HD-720
1945-From-This-Day,SD
Welcome-to-Hell,HD-720
Kevin-Hart's-Guide-to-Black-History,HD-720
The-Story-of-Us-(2019),HD-720
Discarnate,HD-720
How-to-Train-Your-Dragon:-The-Hidden-World,HD-CAM
The-Axiom,HD-720
Abducted-in-Plain-Sight,HD-Rip
Asphaltgorillas,HD-Rip
Sasquatch-Hunters,SD
The-Man-Who-Stole-Banksy,HD-Rip
Ralph-Breaks-the-Internet,HD-720
The-Lego-Movie-2:-The-Second-Part,CAM
In-Bed-With-A-Killer,HD-720
Boyne-Falls,HD-720
